Step, Time, Epot, Ekin, Etot
1, 0.010000, -4389.659740, 3122.544471, -1267.115269
2, 0.020000, -5962.518960, 3558.072871, -2404.446089
3, 0.030000, -8569.955645, 5117.981228, -3451.974417
4, 0.040000, -45527.847236, 9065.015387, -36462.831850
5, 0.050000, -53471.086287, 16416.651590, -37054.434697
6, 0.060000, -119346.671113, 27841.113500, -91505.557613
7, 0.070000, -134766.362269, 44149.558006, -90616.804262
8, 0.080000, -192532.874986, 65678.699132, -126854.175854
9, 0.090000, -220387.165335, 91560.729548, -128826.435787
10, 0.100000, -250826.617427, 121573.510947, -129253.106480
11, 0.110000, -292255.737898, 156966.560364, -135289.177534
12, 0.120000, -342339.432422, 198802.265924, -143537.166498
13, 0.130000, -390039.273300, 245296.836691, -144742.436609
14, 0.140000, -433585.493730, 292242.664063, -141342.829666
15, 0.150000, -474729.604185, 336355.273012, -138374.331173
16, 0.160000, -509171.321769, 377201.053956, -131970.267813
17, 0.170000, -542727.705712, 415185.198300, -127542.507412
18, 0.180000, -575516.527512, 449843.270803, -125673.256709
19, 0.190000, -606313.767362, 482366.551775, -123947.215587
20, 0.200000, -636109.437905, 518714.828585, -117394.609319
21, 0.210000, -679291.854113, 569053.541087, -110238.313026
22, 0.220000, -736855.801057, 638415.830634, -98439.970422
23, 0.230000, -815820.686491, 724486.046515, -91334.639976
24, 0.240000, -908277.447955, 823331.065559, -84946.382397
25, 0.250000, -1005155.353638, 930593.418956, -74561.934682
26, 0.260000, -1099616.746577, 1040260.592087, -59356.154490
27, 0.270000, -1186039.577141, 1149333.501471, -36706.075671
28, 0.280000, -1269934.098168, 1262865.915195, -7068.182972
29, 0.290000, -1359629.304101, 1391531.216464, 31901.912363
30, 0.300000, -1455100.325985, 1535259.864216, 80159.538232
31, 0.310000, -1565231.644618, 1694890.003585, 129658.358967
32, 0.320000, -1686674.129752, 1874820.580189, 188146.450437
33, 0.330000, -1832582.219921, 2075462.101312, 242879.881391
34, 0.340000, -1997402.780180, 2297792.756312, 300389.976132
35, 0.350000, -2175483.038247, 2531316.983211, 355833.944964
36, 0.360000, -2339663.436333, 2771816.657641, 432153.221307
37, 0.370000, -2538866.332673, 3057684.504583, 518818.171910
38, 0.380000, -2829572.718436, 3417818.000847, 588245.282411
39, 0.390000, -3157751.341797, 3806156.742196, 648405.400399
40, 0.400000, -3464202.793958, 4164185.478233, 699982.684275
41, 0.410000, -3736301.678153, 4452205.874090, 715904.195937
42, 0.420000, -3711400.944148, 4484657.538955, 773256.594807
43, 0.430000, -3551416.450458, 4390101.475829, 838685.025371
44, 0.440000, -3507765.028148, 4330259.433556, 822494.405408
45, 0.450000, -3474778.815347, 4278321.931846, 803543.116500
46, 0.460000, -3375181.604366, 4188668.709345, 813487.104979
47, 0.470000, -3284284.033468, 4103764.607323, 819480.573855
48, 0.480000, -3250915.477880, 4072418.747195, 821503.269315
49, 0.490000, -3251575.084690, 4069999.111421, 818424.026731
50, 0.500000, -3261603.848211, 4101564.688412, 839960.840201
51, 0.510000, -3350229.391249, 4214624.465599, 864395.074350
52, 0.520000, -3537640.436624, 4429094.040860, 891453.604236
53, 0.530000, -3808247.000507, 4729575.900287, 921328.899781
54, 0.540000, -4116059.752551, 5076251.388434, 960191.635884
55, 0.550000, -4386437.075059, 5369342.987137, 982905.912078
56, 0.560000, -4481257.891173, 5551996.137469, 1070738.246296
57, 0.570000, -4626716.037541, 5704332.260930, 1077616.223389
58, 0.580000, -4686843.385498, 5743609.719721, 1056766.334223
59, 0.590000, -4471954.163528, 5559071.871276, 1087117.707748
60, 0.600000, -4218025.306553, 5302208.108292, 1084182.801739
61, 0.610000, -4040561.616703, 5084730.177120, 1044168.560417
62, 0.620000, -3971665.604578, 4964380.924152, 992715.319575
63, 0.630000, -3899322.814908, 4859320.590960, 959997.776053
64, 0.640000, -3792300.134665, 4728425.103346, 936124.968682
65, 0.650000, -3650717.235601, 4591232.390788, 940515.155186
66, 0.660000, -3607710.527743, 4537746.370596, 930035.842853
67, 0.670000, -3685379.346491, 4604845.052792, 919465.706301
68, 0.680000, -3804382.099881, 4717919.211000, 913537.111118
69, 0.690000, -3953719.533443, 4862977.729543, 909258.196100
70, 0.700000, -4063944.303922, 4962252.657764, 898308.353842
71, 0.710000, -3985857.384531, 4914074.891589, 928217.507059
72, 0.720000, -3857041.835624, 4796419.830250, 939377.994627
73, 0.730000, -3802948.689793, 4729819.340857, 926870.651064
74, 0.740000, -3777395.576522, 4701224.734558, 923829.158035
75, 0.750000, -3797386.167191, 4738055.480222, 940669.313031
76, 0.760000, -3945678.432656, 4879143.101041, 933464.668385
77, 0.770000, -4089365.121353, 5001137.347949, 911772.226596
78, 0.780000, -4049053.091334, 4982797.687640, 933744.596306
79, 0.790000, -3931765.904832, 4894160.355166, 962394.450334
80, 0.800000, -3874265.260786, 4846004.407285, 971739.146499
81, 0.810000, -3876391.320583, 4847017.106535, 970625.785952
82, 0.820000, -3903063.983042, 4875684.307143, 972620.324101
83, 0.830000, -3951616.310613, 4915746.829808, 964130.519194
84, 0.840000, -3979808.987299, 4938127.132983, 958318.145684
85, 0.850000, -3933788.706222, 4888136.670625, 954347.964403
86, 0.860000, -3847934.368827, 4803325.500701, 955391.131874
87, 0.870000, -3736553.585636, 4706143.289009, 969589.703372
88, 0.880000, -3696510.046927, 4676488.567460, 979978.520533
89, 0.890000, -3779217.487621, 4763432.911936, 984215.424315
90, 0.900000, -3922635.801243, 4892307.034646, 969671.233404
91, 0.910000, -3976585.835330, 4959746.709842, 983160.874512
92, 0.920000, -3977987.489203, 4976693.056080, 998705.566877
93, 0.930000, -3962999.147763, 4968122.228703, 1005123.080940
94, 0.940000, -3948787.405521, 4962146.217503, 1013358.811981
95, 0.950000, -3961238.552116, 4963922.197043, 1002683.644928
96, 0.960000, -3935644.793292, 4940706.919420, 1005062.126128
97, 0.970000, -3848396.635368, 4871418.191913, 1023021.556545
98, 0.980000, -3799583.301311, 4827352.924868, 1027769.623557
99, 0.990000, -3821033.523259, 4847903.728119, 1026870.204860
100, 1.000000, -3878059.860842, 4904656.859430, 1026596.998589
101, 1.010000, -3924460.575241, 4941849.856894, 1017389.281653
102, 1.020000, -3924126.304673, 4935930.939571, 1011804.634898
103, 1.030000, -3868644.465805, 4880909.086549, 1012264.620745
104, 1.040000, -3782178.720720, 4817439.959355, 1035261.238635
105, 1.050000, -3730573.200638, 4779039.040943, 1048465.840305
106, 1.060000, -3781551.889164, 4829913.507423, 1048361.618259
107, 1.070000, -3909880.540369, 4938236.962082, 1028356.421712
108, 1.080000, -3918812.640310, 4960757.931475, 1041945.291165
109, 1.090000, -3893539.666074, 4932258.354071, 1038718.687998
110, 1.100000, -3861654.717799, 4905861.629244, 1044206.911445
111, 1.110000, -3793797.031898, 4841124.348182, 1047327.316284
112, 1.120000, -3659267.603642, 4735880.824202, 1076613.220560
113, 1.130000, -3584496.331484, 4680140.041472, 1095643.709989
114, 1.140000, -3585301.281087, 4701229.046842, 1115927.765756
115, 1.150000, -3640742.276961, 4790131.199176, 1149388.922215
116, 1.160000, -3816154.582016, 4988177.286403, 1172022.704387
117, 1.170000, -4015546.212868, 5243506.269708, 1227960.056840
118, 1.180000, -4190540.729219, 5490487.270415, 1299946.541196
119, 1.190000, -4424564.497690, 5815728.212266, 1391163.714576
120, 1.200000, -4888224.972063, 6372689.656530, 1484464.684467
121, 1.210000, -5611650.216570, 7071403.815988, 1459753.599417
122, 1.220000, -5839278.967100, 7333408.567160, 1494129.600060
123, 1.230000, -5442007.959591, 6998586.301423, 1556578.341832
124, 1.240000, -4910481.571130, 6474401.463591, 1563919.892460
125, 1.250000, -4553032.693340, 6076395.366013, 1523362.672673
126, 1.260000, -4362452.122348, 5822190.097206, 1459737.974858
127, 1.270000, -4236818.637587, 5632943.682536, 1396125.044949
128, 1.280000, -4112908.472663, 5480311.077065, 1367402.604402
129, 1.290000, -4122214.267812, 5471959.385388, 1349745.117576
130, 1.300000, -4268719.724953, 5611582.712704, 1342862.987751
131, 1.310000, -4433257.734881, 5768178.917953, 1334921.183073
132, 1.320000, -4481870.479764, 5851280.465053, 1369409.985289
133, 1.330000, -4523702.235819, 5904438.767832, 1380736.532013
134, 1.340000, -4547581.261868, 5954273.388934, 1406692.127066
135, 1.350000, -4549890.607308, 5975122.035512, 1425231.428204
136, 1.360000, -4519119.271500, 5949937.348734, 1430818.077234
137, 1.370000, -4537035.033209, 5970003.395684, 1432968.362475
138, 1.380000, -4600380.049785, 6020803.652500, 1420423.602714
139, 1.390000, -4525970.639905, 5954929.968028, 1428959.328123
140, 1.400000, -4418007.874150, 5838158.866642, 1420150.992492
141, 1.410000, -4328269.715034, 5744236.653088, 1415966.938054
142, 1.420000, -4278189.582858, 5692760.224337, 1414570.641479
143, 1.430000, -4312913.974405, 5702214.512424, 1389300.538018
144, 1.440000, -4302796.088487, 5683389.275004, 1380593.186517
145, 1.450000, -4235866.038135, 5622164.902713, 1386298.864578
146, 1.460000, -4193256.309157, 5583914.868553, 1390658.559396
147, 1.470000, -4198256.584628, 5583483.012117, 1385226.427489
148, 1.480000, -4202926.588775, 5604943.556659, 1402016.967884
149, 1.490000, -4235770.189461, 5645619.226370, 1409849.036909
150, 1.500000, -4261477.854778, 5683430.355921, 1421952.501143
151, 1.510000, -4278178.304159, 5729321.957386, 1451143.653227
152, 1.520000, -4351392.256711, 5823091.033381, 1471698.776670
153, 1.530000, -4447101.151123, 5914311.138228, 1467209.987105
154, 1.540000, -4484219.867399, 5963813.577814, 1479593.710415
155, 1.550000, -4494700.447114, 5968520.292302, 1473819.845188
156, 1.560000, -4419223.649741, 5904982.168646, 1485758.518905
157, 1.570000, -4360624.925301, 5828197.823774, 1467572.898473
158, 1.580000, -4269907.720443, 5732043.098899, 1462135.378457
159, 1.590000, -4197544.486648, 5668444.443039, 1470899.956391
160, 1.600000, -4241862.517964, 5696983.920186, 1455121.402221
161, 1.610000, -4275874.631987, 5730401.059998, 1454526.428011
162, 1.620000, -4324348.851548, 5767400.791220, 1443051.939672
163, 1.630000, -4342774.199855, 5786699.251300, 1443925.051446
164, 1.640000, -4307481.614083, 5778464.903876, 1470983.289793
165, 1.650000, -4278433.607089, 5740873.248315, 1462439.641226
166, 1.660000, -4233226.592929, 5705510.569563, 1472283.976633
167, 1.670000, -4256920.250241, 5725839.265938, 1468919.015698
168, 1.680000, -4283070.656189, 5750965.680735, 1467895.024547
169, 1.690000, -4276168.220093, 5741105.180353, 1464936.960261
170, 1.700000, -4189116.063030, 5682367.896351, 1493251.833321
171, 1.710000, -4168264.761338, 5668232.531818, 1499967.770480
172, 1.720000, -4222412.273080, 5710450.683338, 1488038.410259
173, 1.730000, -4220691.061538, 5718989.105377, 1498298.043840
174, 1.740000, -4197546.573272, 5708492.484911, 1510945.911639
175, 1.750000, -4213370.019070, 5735731.329577, 1522361.310507
176, 1.760000, -4272143.304869, 5808300.525485, 1536157.220617
177, 1.770000, -4376865.587618, 5905024.586454, 1528158.998836
178, 1.780000, -4438722.800965, 5960167.164531, 1521444.363567
179, 1.790000, -4381271.477615, 5931324.929478, 1550053.451863
180, 1.800000, -4322467.590008, 5878782.512746, 1556314.922738
181, 1.810000, -4269709.266112, 5821425.750128, 1551716.484016
182, 1.820000, -4222018.596768, 5768128.639830, 1546110.043063
183, 1.830000, -4174956.147695, 5722795.370641, 1547839.222945
184, 1.840000, -4179109.611747, 5736980.526019, 1557870.914272
185, 1.850000, -4242188.292243, 5808561.050464, 1566372.758221
186, 1.860000, -4312451.938591, 5890608.730567, 1578156.791976
187, 1.870000, -4358367.835720, 5949561.136982, 1591193.301261
188, 1.880000, -4438816.234692, 6026353.325345, 1587537.090653
189, 1.890000, -4465442.169603, 6048301.183726, 1582859.014123
190, 1.900000, -4377249.387296, 5967009.731851, 1589760.344555
191, 1.910000, -4262578.677400, 5845870.502708, 1583291.825307
192, 1.920000, -4115714.845022, 5722279.273551, 1606564.428529
193, 1.930000, -4079793.119353, 5684221.112638, 1604427.993285
194, 1.940000, -4131724.542597, 5724789.968696, 1593065.426099
195, 1.950000, -4198146.067183, 5774529.223543, 1576383.156360
196, 1.960000, -4170118.323460, 5766309.962149, 1596191.638689
197, 1.970000, -4146075.496496, 5753592.822713, 1607517.326217
198, 1.980000, -4172891.125207, 5779989.551127, 1607098.425919
199, 1.990000, -4218702.985451, 5830226.573901, 1611523.588450
200, 2.000000, -4260858.035407, 5874674.651215, 1613816.615807
201, 2.010000, -4262765.136754, 5873714.031411, 1610948.894657
202, 2.020000, -4228280.561881, 5842698.934699, 1614418.372818
203, 2.030000, -4151880.243999, 5785798.928385, 1633918.684386
204, 2.040000, -4163552.084937, 5794270.136633, 1630718.051696
205, 2.050000, -4191411.475281, 5829180.539912, 1637769.064631
206, 2.060000, -4259139.066906, 5881796.833544, 1622657.766638
207, 2.070000, -4262168.040697, 5860473.624708, 1598305.584011
208, 2.080000, -4135683.332956, 5741789.300507, 1606105.967551
209, 2.090000, -4048303.703148, 5650417.202073, 1602113.498925
210, 2.100000, -4018504.422757, 5622501.881656, 1603997.458899
211, 2.110000, -4028207.968337, 5611642.110901, 1583434.142564
212, 2.120000, -4022589.843793, 5595909.148195, 1573319.304402
213, 2.130000, -3999144.004484, 5593326.461030, 1594182.456546
214, 2.140000, -4048962.659570, 5645097.601260, 1596134.941689
215, 2.150000, -4140586.617904, 5729282.527297, 1588695.909393
216, 2.160000, -4183036.793901, 5795877.377374, 1612840.583473
217, 2.170000, -4220038.120434, 5840432.151000, 1620394.030566
218, 2.180000, -4245774.898331, 5861168.464498, 1615393.566167
219, 2.190000, -4167388.431927, 5810873.898453, 1643485.466525
220, 2.200000, -4091191.719591, 5745129.709060, 1653937.989468
221, 2.210000, -4089125.371142, 5742172.825461, 1653047.454318
222, 2.220000, -4125110.725764, 5772236.925343, 1647126.199579
223, 2.230000, -4146575.979336, 5788237.485764, 1641661.506429
224, 2.240000, -4079678.085061, 5729879.353832, 1650201.268771
225, 2.250000, -4025308.483312, 5684328.454579, 1659019.971267
226, 2.260000, -4041168.492476, 5700266.770007, 1659098.277532
227, 2.270000, -4109837.022156, 5759533.752197, 1649696.730041
228, 2.280000, -4094297.848925, 5760554.380393, 1666256.531468
229, 2.290000, -4059495.803730, 5744736.839188, 1685241.035457
230, 2.300000, -4114631.790657, 5793824.051254, 1679192.260598
231, 2.310000, -4180372.296813, 5853764.742071, 1673392.445257
232, 2.320000, -4178217.273171, 5862340.053571, 1684122.780400
233, 2.330000, -4111441.586371, 5796590.755397, 1685149.169026
234, 2.340000, -4056535.462314, 5736067.585405, 1679532.123091
235, 2.350000, -3998962.318319, 5709402.886279, 1710440.567961
236, 2.360000, -4047618.837123, 5741472.349704, 1693853.512581
237, 2.370000, -4084791.927980, 5762882.097279, 1678090.169298
238, 2.380000, -4002102.308678, 5704154.530016, 1702052.221338
239, 2.390000, -3952527.877696, 5662524.214612, 1709996.336917
240, 2.400000, -3982507.550585, 5675181.536282, 1692673.985696
241, 2.410000, -4028129.937301, 5723465.129217, 1695335.191916
242, 2.420000, -4057459.183032, 5744385.572823, 1686926.389791
243, 2.430000, -4015240.135239, 5721390.653986, 1706150.518747
244, 2.440000, -3979173.959692, 5717522.991895, 1738349.032203
245, 2.450000, -4059544.445919, 5783156.491220, 1723612.045301
246, 2.460000, -4104842.703177, 5827711.102941, 1722868.399764
247, 2.470000, -4090440.506431, 5816123.081989, 1725682.575558
248, 2.480000, -4026931.717593, 5772373.705003, 1745441.987410
249, 2.490000, -4024530.504034, 5761430.182198, 1736899.678163
250, 2.500000, -4026348.960588, 5761781.528190, 1735432.567602
251, 2.510000, -3986821.070311, 5732318.158324, 1745497.088012
252, 2.520000, -3974423.781676, 5704205.055911, 1729781.274235
253, 2.530000, -3914832.295203, 5651375.138974, 1736542.843771
254, 2.540000, -3888715.829856, 5639513.737023, 1750797.907167
255, 2.550000, -3964646.365159, 5708964.576001, 1744318.210842
256, 2.560000, -4051593.509251, 5804825.129094, 1753231.619843
257, 2.570000, -4151963.590308, 5904592.139887, 1752628.549579
258, 2.580000, -4218463.700963, 5974921.330933, 1756457.629971
259, 2.590000, -4153202.355204, 5923284.470179, 1770082.114975
260, 2.600000, -4017046.171884, 5805117.191673, 1788071.019788
261, 2.610000, -3932676.615025, 5740860.735328, 1808184.120303
262, 2.620000, -4028753.693521, 5830213.332163, 1801459.638642
263, 2.630000, -4157416.135858, 5937575.148053, 1780159.012195
264, 2.640000, -4111344.868087, 5906692.335980, 1795347.467894
265, 2.650000, -4029589.321239, 5834905.961054, 1805316.639815
266, 2.660000, -4005273.277082, 5806574.436373, 1801301.159291
267, 2.670000, -4011256.453498, 5818260.245317, 1807003.791818
268, 2.680000, -4056908.793283, 5848717.158983, 1791808.365700
269, 2.690000, -4039599.754542, 5836208.963813, 1796609.209271
270, 2.700000, -3979928.178311, 5784805.547793, 1804877.369481
271, 2.710000, -3942493.139262, 5757524.300232, 1815031.160969
272, 2.720000, -3952909.774549, 5764470.647888, 1811560.873339
273, 2.730000, -3947680.858034, 5780531.688346, 1832850.830312
274, 2.740000, -3970017.637571, 5818768.204707, 1848750.567135
275, 2.750000, -4049413.342147, 5885991.238997, 1836577.896850
276, 2.760000, -4079832.847388, 5917089.459373, 1837256.611984
277, 2.770000, -4026633.999375, 5870091.422786, 1843457.423411
278, 2.780000, -3948722.324160, 5781092.137082, 1832369.812922
279, 2.790000, -3829301.568594, 5672349.142075, 1843047.573481
280, 2.800000, -3751950.444855, 5591433.972824, 1839483.527969
281, 2.810000, -3738856.449308, 5589974.413526, 1851117.964218
282, 2.820000, -3825526.316035, 5671621.475207, 1846095.159173
283, 2.830000, -3897863.178807, 5755594.508212, 1857731.329405
284, 2.840000, -3951172.421038, 5826530.055487, 1875357.634449
285, 2.850000, -4043451.514441, 5921794.175254, 1878342.660813
286, 2.860000, -4052087.143255, 5933489.990699, 1881402.847444
287, 2.870000, -4004818.928089, 5907001.068253, 1902182.140165
288, 2.880000, -3993698.405755, 5898105.469458, 1904407.063703
289, 2.890000, -3981007.111249, 5890062.626291, 1909055.515042
290, 2.900000, -3992111.413626, 5892189.346063, 1900077.932437
291, 2.910000, -3966995.040153, 5867625.579600, 1900630.539447
292, 2.920000, -3885996.091676, 5791103.220504, 1905107.128828
293, 2.930000, -3795190.651409, 5684423.319387, 1889232.667978
294, 2.940000, -3669836.176772, 5584133.836892, 1914297.660120
295, 2.950000, -3629089.839539, 5561395.307791, 1932305.468252
296, 2.960000, -3752638.821904, 5673304.507897, 1920665.685994
297, 2.970000, -3875725.330224, 5803851.160225, 1928125.830001
298, 2.980000, -3926388.966223, 5888794.147653, 1962405.181430
299, 2.990000, -4067253.369350, 6013107.125554, 1945853.756204
300, 3.000000, -4141874.386532, 6073164.307443, 1931289.920911
301, 3.010000, -3990554.372354, 5968876.531274, 1978322.158919
302, 3.020000, -3897745.417744, 5870991.660934, 1973246.243190
303, 3.030000, -3846395.554191, 5818000.840466, 1971605.286275
304, 3.040000, -3789598.517111, 5762237.909390, 1972639.392279
305, 3.050000, -3745071.001299, 5704496.716660, 1959425.715361
306, 3.060000, -3676846.392383, 5635806.591101, 1958960.198718
307, 3.070000, -3591967.650812, 5547327.081582, 1955359.430770
308, 3.080000, -3554748.059885, 5506130.184315, 1951382.124429
309, 3.090000, -3543056.763281, 5512415.593496, 1969358.830215
310, 3.100000, -3563288.654507, 5568212.508837, 2004923.854330
311, 3.110000, -3663586.251958, 5699129.390216, 2035543.138258
312, 3.120000, -3770210.233531, 5851014.159597, 2080803.926066
313, 3.130000, -3819573.781377, 5967842.485423, 2148268.704046
314, 3.140000, -3941840.076066, 6170747.841066, 2228907.765000
315, 3.150000, -4172065.458827, 6510319.552117, 2338254.093291
316, 3.160000, -4583597.565047, 7089752.472171, 2506154.907124
317, 3.170000, -5444189.108171, 8093180.790959, 2648991.682787
318, 3.180000, -6499364.324936, 9238788.759036, 2739424.434100
319, 3.190000, -7156367.530747, 9950191.547889, 2793824.017141
320, 3.200000, -6935572.839004, 9830221.887853, 2894649.048849
321, 3.210000, -6290735.740749, 9150862.609945, 2860126.869196
322, 3.220000, -5480116.685815, 8316802.607783, 2836685.921969
323, 3.230000, -4969393.587324, 7678981.303600, 2709587.716276
324, 3.240000, -4660105.171531, 7283045.458682, 2622940.287151
325, 3.250000, -4498188.023434, 7054840.467759, 2556652.444325
326, 3.260000, -4463300.804937, 6977836.388006, 2514535.583069
327, 3.270000, -4473308.547322, 6975854.522907, 2502545.975585
328, 3.280000, -4510933.284271, 7003249.512159, 2492316.227888
329, 3.290000, -4519140.324642, 6997444.592630, 2478304.267988
330, 3.300000, -4520617.358163, 6998211.484124, 2477594.125961
331, 3.310000, -4589564.320587, 7074045.725350, 2484481.404762
332, 3.320000, -4728443.733460, 7210628.666382, 2482184.932922
333, 3.330000, -4710357.244093, 7243057.703423, 2532700.459330
334, 3.340000, -4750179.698889, 7286374.309477, 2536194.610588
335, 3.350000, -4720828.306028, 7281654.910401, 2560826.604373
336, 3.360000, -4673056.222292, 7270091.907234, 2597035.684942
337, 3.370000, -4795663.067668, 7379435.518981, 2583772.451314
338, 3.380000, -4890476.043435, 7499851.984115, 2609375.940680
339, 3.390000, -4893985.524059, 7526627.871799, 2632642.347740
340, 3.400000, -4913281.589210, 7499792.566946, 2586510.977736
341, 3.410000, -4708823.135060, 7316065.385727, 2607242.250667
342, 3.420000, -4574105.620101, 7174375.541232, 2600269.921130
343, 3.430000, -4606592.725430, 7183433.058162, 2576840.332732
344, 3.440000, -4687516.891540, 7248703.776389, 2561186.884848
345, 3.450000, -4677813.772830, 7243415.821670, 2565602.048840
346, 3.460000, -4608781.504725, 7180706.346682, 2571924.841957
347, 3.470000, -4536462.618041, 7144604.483496, 2608141.865456
348, 3.480000, -4534002.593038, 7134716.422147, 2600713.829108
349, 3.490000, -4523690.931526, 7122555.497042, 2598864.565516
350, 3.500000, -4577742.745951, 7153706.580539, 2575963.834588
351, 3.510000, -4571000.360657, 7132769.233499, 2561768.872842
352, 3.520000, -4477285.575798, 7059133.045957, 2581847.470159
353, 3.530000, -4443616.124217, 7037042.025398, 2593425.901182
354, 3.540000, -4578463.233294, 7144800.421936, 2566337.188642
355, 3.550000, -4657069.951130, 7211310.797386, 2554240.846256
356, 3.560000, -4524406.536597, 7111849.806776, 2587443.270179
357, 3.570000, -4346722.321678, 6959003.102803, 2612280.781125
358, 3.580000, -4307130.771313, 6921086.814981, 2613956.043668
359, 3.590000, -4396238.021520, 7016346.196659, 2620108.175140
360, 3.600000, -4544923.270384, 7171559.088819, 2626635.818436
361, 3.610000, -4667941.894932, 7295068.474697, 2627126.579765
362, 3.620000, -4686548.252719, 7325712.601294, 2639164.348575
363, 3.630000, -4675338.468229, 7325175.352682, 2649836.884453
364, 3.640000, -4666354.298626, 7299236.145663, 2632881.847037
365, 3.650000, -4625105.694048, 7233900.288870, 2608794.594822
366, 3.660000, -4581150.853953, 7184575.170206, 2603424.316253
367, 3.670000, -4490674.621690, 7100510.714182, 2609836.092492
368, 3.680000, -4422711.067484, 7004372.798545, 2581661.731061
369, 3.690000, -4289560.496569, 6879569.467060, 2590008.970491
370, 3.700000, -4202433.905292, 6805760.078073, 2603326.172781
371, 3.710000, -4233480.349203, 6842453.594318, 2608973.245115
372, 3.720000, -4372067.060815, 6986391.955062, 2614324.894247
373, 3.730000, -4512197.059441, 7135311.634252, 2623114.574811
374, 3.740000, -4580872.316725, 7210457.415076, 2629585.098351
375, 3.750000, -4529778.496553, 7181890.707073, 2652112.210521
376, 3.760000, -4524360.611645, 7185753.722099, 2661393.110454
377, 3.770000, -4578146.257867, 7220783.259788, 2642637.001921
378, 3.780000, -4509582.510695, 7175331.042325, 2665748.531630
379, 3.790000, -4398457.722923, 7085811.507331, 2687353.784408
380, 3.800000, -4372800.046694, 7065751.641708, 2692951.595014
381, 3.810000, -4435185.002085, 7139519.731001, 2704334.728917
382, 3.820000, -4496344.985427, 7192980.643089, 2696635.657662
383, 3.830000, -4388603.139256, 7100305.692249, 2711702.552993
384, 3.840000, -4269500.799995, 6996985.370869, 2727484.570874
385, 3.850000, -4251773.537447, 6980862.038040, 2729088.500593
386, 3.860000, -4347524.733845, 7047319.520792, 2699794.786947
387, 3.870000, -4400174.762886, 7093146.980064, 2692972.217178
388, 3.880000, -4322224.746875, 7018978.650206, 2696753.903331
389, 3.890000, -4230202.598941, 6951097.124882, 2720894.525941
390, 3.900000, -4299191.811463, 6995036.663304, 2695844.851841
391, 3.910000, -4364163.084891, 7062306.333528, 2698143.248637
392, 3.920000, -4385880.686591, 7067778.668315, 2681897.981723
393, 3.930000, -4317140.640801, 7024749.816379, 2707609.175578
394, 3.940000, -4281867.823320, 6989447.463947, 2707579.640627
395, 3.950000, -4288123.134383, 6988047.184543, 2699924.050160
396, 3.960000, -4255865.997633, 6967426.619443, 2711560.621809
397, 3.970000, -4206010.161879, 6909889.262174, 2703879.100296
398, 3.980000, -4029763.963294, 6776014.600706, 2746250.637412
399, 3.990000, -4052411.931020, 6802019.135457, 2749607.204438
400, 4.000000, -4239352.430102, 6972555.250517, 2733202.820416
401, 4.010000, -4365959.218584, 7120278.811740, 2754319.593157
402, 4.020000, -4380984.557778, 7172167.946421, 2791183.388643
403, 4.030000, -4358377.363315, 7200280.123654, 2841902.760340
404, 4.040000, -4519848.571478, 7325507.796656, 2805659.225178
405, 4.050000, -4567332.104592, 7372392.099116, 2805059.994524
406, 4.060000, -4453750.722495, 7281488.839951, 2827738.117456
407, 4.070000, -4361697.597231, 7165230.340441, 2803532.743210
408, 4.080000, -4176241.223127, 7000837.230400, 2824596.007273
409, 4.090000, -4096148.520788, 6918492.078035, 2822343.557247
410, 4.100000, -4124973.838084, 6939401.383584, 2814427.545499
411, 4.110000, -4121390.240813, 6951170.397097, 2829780.156284
412, 4.120000, -4094468.402966, 6932839.008719, 2838370.605753
413, 4.130000, -4092434.158775, 6941463.565179, 2849029.406404
414, 4.140000, -4192642.415189, 7038042.817016, 2845400.401827
415, 4.150000, -4306297.622660, 7170418.988873, 2864121.366213
416, 4.160000, -4395626.712415, 7262616.679434, 2866989.967020
417, 4.170000, -4436003.529566, 7301765.074054, 2865761.544488
418, 4.180000, -4389156.321635, 7252291.437174, 2863135.115540
419, 4.190000, -4213342.636562, 7097109.714408, 2883767.077846
420, 4.200000, -4175860.553633, 7038895.891968, 2863035.338335
421, 4.210000, -4251298.143091, 7102153.125957, 2850854.982866
422, 4.220000, -4280102.628715, 7120352.737727, 2840250.109013
423, 4.230000, -4140685.567465, 7012744.821474, 2872059.254009
424, 4.240000, -4036299.906123, 6915064.493574, 2878764.587451
425, 4.250000, -4017773.908761, 6899214.763658, 2881440.854897
426, 4.260000, -4057570.980976, 6945621.656079, 2888050.675103
427, 4.270000, -4135852.258545, 7034846.531888, 2898994.273343
428, 4.280000, -4278329.646287, 7178723.117977, 2900393.471690
429, 4.290000, -4333418.143037, 7226564.281599, 2893146.138562
430, 4.300000, -4244123.282674, 7187588.625957, 2943465.343282
431, 4.310000, -4219797.002556, 7168663.250264, 2948866.247707
432, 4.320000, -4260907.419341, 7192281.683722, 2931374.264381
433, 4.330000, -4276346.071058, 7187757.640823, 2911411.569764
434, 4.340000, -4140510.308224, 7073342.462486, 2932832.154262
435, 4.350000, -4059643.327084, 6982975.616613, 2923332.289529
436, 4.360000, -4045675.074701, 6973192.297496, 2927517.222795
437, 4.370000, -4082505.989610, 7015390.609379, 2932884.619769
438, 4.380000, -4183136.392883, 7110461.931659, 2927325.538775
439, 4.390000, -4241186.851185, 7162172.632223, 2920985.781038
440, 4.400000, -4221221.725512, 7148046.896914, 2926825.171402
441, 4.410000, -4167640.932419, 7093577.805932, 2925936.873513
442, 4.420000, -4069604.604429, 7002128.277728, 2932523.673299
443, 4.430000, -4041287.335873, 6952909.848097, 2911622.512223
444, 4.440000, -4056865.606729, 6952777.103924, 2895911.497195
445, 4.450000, -4037003.127749, 6920250.190615, 2883247.062866
446, 4.460000, -3910676.068439, 6818666.398150, 2907990.329710
447, 4.470000, -3842160.966238, 6744739.804902, 2902578.838664
448, 4.480000, -3862264.681831, 6760421.372630, 2898156.690799
449, 4.490000, -3913599.523057, 6834324.834491, 2920725.311435
450, 4.500000, -4047114.438018, 6941580.855700, 2894466.417682
451, 4.510000, -4004281.070351, 6922848.068964, 2918566.998614
452, 4.520000, -3975599.095187, 6901243.684644, 2925644.589456
453, 4.530000, -3981531.538120, 6885747.493791, 2904215.955671
454, 4.540000, -3891682.320590, 6813717.883714, 2922035.563124
455, 4.550000, -3860049.515722, 6773172.909232, 2913123.393510
456, 4.560000, -3880122.750340, 6786030.788700, 2905908.038361
457, 4.570000, -3900378.649770, 6825152.963435, 2924774.313666
458, 4.580000, -3956006.521824, 6887910.837147, 2931904.315322
459, 4.590000, -4024480.768558, 6969070.494690, 2944589.726132
460, 4.600000, -4076543.186388, 7043501.264045, 2966958.077656
461, 4.610000, -4096774.854277, 7082037.994260, 2985263.139983
462, 4.620000, -4132409.806198, 7098141.235283, 2965731.429085
463, 4.630000, -4014749.513363, 6963880.046798, 2949130.533434
464, 4.640000, -3756648.103620, 6726120.888149, 2969472.784529
465, 4.650000, -3610872.718053, 6579325.571246, 2968452.853193
466, 4.660000, -3669239.960423, 6617072.863238, 2947832.902816
467, 4.670000, -3807928.048459, 6754402.532463, 2946474.484004
468, 4.680000, -3952313.691074, 6897295.560997, 2944981.869923
469, 4.690000, -3923794.347770, 6898922.229196, 2975127.881426
470, 4.700000, -3828355.396832, 6842735.981100, 3014380.584268
471, 4.710000, -3880553.000985, 6897712.339450, 3017159.338465
472, 4.720000, -4041106.023941, 7060337.682643, 3019231.658702
473, 4.730000, -4161972.466810, 7172335.244135, 3010362.777325
474, 4.740000, -4100342.816549, 7144777.094538, 3044434.277989
475, 4.750000, -4029112.533104, 7066654.126893, 3037541.593789
476, 4.760000, -3970280.904688, 6996718.896107, 3026437.991418
477, 4.770000, -3857148.609910, 6883062.079087, 3025913.469178
478, 4.780000, -3777675.738855, 6781497.572920, 3003821.834065
479, 4.790000, -3661114.142898, 6701404.115005, 3040289.972107
480, 4.800000, -3729289.391059, 6759415.468772, 3030126.077713
481, 4.810000, -3830869.475217, 6855437.097740, 3024567.622522
482, 4.820000, -3884146.848574, 6923605.227414, 3039458.378840
483, 4.830000, -3948836.482728, 6999057.074074, 3050220.591346
484, 4.840000, -3970181.280644, 7012716.273654, 3042534.993010
485, 4.850000, -3921876.982414, 6982149.382709, 3060272.400295
486, 4.860000, -3944245.845862, 6990285.220665, 3046039.374804
487, 4.870000, -3880037.606762, 6924214.081400, 3044176.474638
488, 4.880000, -3716237.820289, 6760379.784184, 3044141.963895
489, 4.890000, -3565559.514036, 6608199.275940, 3042639.761904
490, 4.900000, -3537383.924944, 6549953.182030, 3012569.257086
491, 4.910000, -3556842.252245, 6559084.860217, 3002242.607972
492, 4.920000, -3557618.810080, 6574648.697065, 3017029.886984
493, 4.930000, -3605396.592824, 6633669.434380, 3028272.841556
494, 4.940000, -3702682.118522, 6743879.178088, 3041197.059566
495, 4.950000, -3820972.575527, 6872832.124803, 3051859.549276
496, 4.960000, -3880823.118908, 6958490.428455, 3077667.309547
497, 4.970000, -3906787.682738, 6995466.670243, 3088678.987505
498, 4.980000, -3905317.396445, 6987393.317809, 3082075.921363
499, 4.990000, -3815526.008573, 6908008.412981, 3092482.404408
500, 5.000000, -3733481.185818, 6824416.361342, 3090935.175524
501, 5.010000, -3704384.614686, 6777157.038081, 3072772.423395
502, 5.020000, -3631706.019729, 6704251.570987, 3072545.551258
503, 5.030000, -3626475.795537, 6675658.713516, 3049182.917978
504, 5.040000, -3569423.100084, 6628131.226419, 3058708.126335
505, 5.050000, -3500937.671217, 6572790.724349, 3071853.053132
506, 5.060000, -3536358.250310, 6616520.521819, 3080162.271509
507, 5.070000, -3651085.411596, 6758200.534731, 3107115.123135
508, 5.080000, -3867909.537945, 6959403.068604, 3091493.530659
509, 5.090000, -3931774.924294, 7039131.688800, 3107356.764506
510, 5.100000, -3858695.837198, 6985111.183812, 3126415.346614
511, 5.110000, -3739129.538177, 6879670.633105, 3140541.094928
512, 5.120000, -3672336.736646, 6803961.115167, 3131624.378522
513, 5.130000, -3571616.322279, 6721164.235420, 3149547.913141
514, 5.140000, -3519790.333845, 6660086.318519, 3140295.984675
515, 5.150000, -3535138.279305, 6664203.419563, 3129065.140258
516, 5.160000, -3565426.725381, 6671987.064660, 3106560.339279
517, 5.170000, -3494368.196264, 6629414.302154, 3135046.105890
518, 5.180000, -3517025.484335, 6660013.141596, 3142987.657261
519, 5.190000, -3590340.011658, 6750786.596040, 3160446.584383
520, 5.200000, -3735253.879706, 6898388.403390, 3163134.523685
521, 5.210000, -3861541.009097, 7029210.102708, 3167669.093611
522, 5.220000, -3840429.110566, 7029218.219819, 3188789.109253
523, 5.230000, -3755417.030298, 6955520.872049, 3200103.841751
524, 5.240000, -3661529.762476, 6887150.644821, 3225620.882345
525, 5.250000, -3689127.501368, 6907619.234569, 3218491.733201
526, 5.260000, -3691580.554370, 6910216.847017, 3218636.292646
527, 5.270000, -3682032.561538, 6898930.328991, 3216897.767453
528, 5.280000, -3677027.236959, 6857190.738224, 3180163.501265
529, 5.290000, -3486188.840179, 6700158.862941, 3213970.022763
530, 5.300000, -3353795.805037, 6562232.427658, 3208436.622621
531, 5.310000, -3303790.429052, 6518448.717519, 3214658.288466
532, 5.320000, -3405028.621099, 6615332.916006, 3210304.294907
533, 5.330000, -3546330.587097, 6755207.399086, 3208876.811990
534, 5.340000, -3583739.627355, 6818421.129998, 3234681.502644
535, 5.350000, -3618719.458599, 6856954.080093, 3238234.621493
536, 5.360000, -3602116.593353, 6842567.654092, 3240451.060739
537, 5.370000, -3559607.534944, 6807876.030821, 3248268.495877
538, 5.380000, -3537096.597518, 6790380.600359, 3253284.002841
539, 5.390000, -3482635.936471, 6761529.234186, 3278893.297715
540, 5.400000, -3504821.430023, 6783999.538985, 3279178.108962
541, 5.410000, -3543750.264900, 6825240.781328, 3281490.516428
542, 5.420000, -3519126.581927, 6801634.599416, 3282508.017488
543, 5.430000, -3427481.202649, 6729993.201717, 3302511.999068
544, 5.440000, -3430049.912350, 6716062.899183, 3286012.986834
545, 5.450000, -3470180.139246, 6741061.603276, 3270881.464029
546, 5.460000, -3504984.731345, 6767013.101317, 3262028.369972
547, 5.470000, -3531549.823199, 6779450.467989, 3247900.644790
548, 5.480000, -3479695.280070, 6727130.373554, 3247435.093483
549, 5.490000, -3381257.524669, 6633711.817512, 3252454.292843
550, 5.500000, -3353033.105243, 6604594.409933, 3251561.304690
551, 5.510000, -3405978.026363, 6657787.151481, 3251809.125118
552, 5.520000, -3477739.144034, 6733100.332935, 3255361.188901
553, 5.530000, -3534039.253321, 6788011.905424, 3253972.652103
554, 5.540000, -3520287.502222, 6788026.956779, 3267739.454556
555, 5.550000, -3451897.876032, 6719462.767979, 3267564.891947
556, 5.560000, -3367294.789131, 6645355.940844, 3278061.151713
557, 5.570000, -3407550.972049, 6647120.638080, 3239569.666031
558, 5.580000, -3442777.325529, 6672063.649156, 3229286.323627
559, 5.590000, -3350598.460563, 6622474.703774, 3271876.243210
560, 5.600000, -3327786.532457, 6599347.086832, 3271560.554375
561, 5.610000, -3313656.938667, 6599095.378871, 3285438.440204
562, 5.620000, -3352430.060531, 6637161.514932, 3284731.454402
563, 5.630000, -3439721.576795, 6721348.404379, 3281626.827583
564, 5.640000, -3453745.292536, 6753827.015799, 3300081.723263
565, 5.650000, -3415455.567719, 6722644.406684, 3307188.838965
566, 5.660000, -3423248.717887, 6710765.459945, 3287516.742058
567, 5.670000, -3406933.280595, 6681162.395830, 3274229.115235
568, 5.680000, -3259928.855212, 6540416.397645, 3280487.542433
569, 5.690000, -3143812.447515, 6415492.733603, 3271680.286088
570, 5.700000, -3096686.367744, 6366924.088144, 3270237.720400
571, 5.710000, -3127645.165847, 6412535.970839, 3284890.804992
572, 5.720000, -3215637.479301, 6523260.174844, 3307622.695543
573, 5.730000, -3349244.064932, 6659300.654385, 3310056.589453
574, 5.740000, -3465381.293594, 6761307.844251, 3295926.550657
575, 5.750000, -3407387.297265, 6737101.183366, 3329713.886101
576, 5.760000, -3347228.839974, 6691829.744514, 3344600.904540
577, 5.770000, -3389494.701232, 6715673.382460, 3326178.681228
578, 5.780000, -3383150.770648, 6696088.472521, 3312937.701874
579, 5.790000, -3321549.973783, 6635262.161095, 3313712.187312
580, 5.800000, -3269383.723809, 6593984.184134, 3324600.460325
581, 5.810000, -3214140.984166, 6549724.616804, 3335583.632639
582, 5.820000, -3176795.838142, 6538885.882702, 3362090.044560
583, 5.830000, -3273483.103363, 6627653.442890, 3354170.339528
584, 5.840000, -3390632.873705, 6740321.098042, 3349688.224337
585, 5.850000, -3393654.422193, 6756369.428932, 3362715.006739
586, 5.860000, -3339800.980529, 6716396.829162, 3376595.848632
587, 5.870000, -3367067.169396, 6726806.010652, 3359738.841256
588, 5.880000, -3347441.988730, 6728097.311429, 3380655.322699
589, 5.890000, -3384090.700822, 6734517.334581, 3350426.633758
590, 5.900000, -3277486.099366, 6648823.216040, 3371337.116674
591, 5.910000, -3197504.747733, 6594656.532305, 3397151.784572
592, 5.920000, -3287381.104530, 6677621.657540, 3390240.553009
593, 5.930000, -3427364.616054, 6812389.434980, 3385024.818926
594, 5.940000, -3481827.834983, 6866221.290207, 3384393.455224
595, 5.950000, -3422257.533492, 6822980.121575, 3400722.588083
596, 5.960000, -3353128.035547, 6741049.726316, 3387921.690769
597, 5.970000, -3215607.415582, 6610391.824675, 3394784.409092
598, 5.980000, -3121021.952520, 6501921.401726, 3380899.449206
599, 5.990000, -3159401.164524, 6515948.779547, 3356547.615024
600, 6.000000, -3254057.182711, 6582369.909702, 3328312.726991
601, 6.010000, -3243610.369120, 6575066.898496, 3331456.529376
602, 6.020000, -3187940.923684, 6516807.694139, 3328866.770455
603, 6.030000, -3110237.701891, 6463246.090520, 3353008.388629
604, 6.040000, -3175004.967451, 6499242.341956, 3324237.374505
605, 6.050000, -3218886.961738, 6536084.669162, 3317197.707424
606, 6.060000, -3206058.549229, 6533982.991931, 3327924.442702
607, 6.070000, -3223596.912697, 6546981.406615, 3323384.493918
608, 6.080000, -3191187.824847, 6525259.232504, 3334071.407657
609, 6.090000, -3150420.027494, 6488350.456762, 3337930.429268
610, 6.100000, -3133007.933974, 6479535.299113, 3346527.365138
611, 6.110000, -3169874.498567, 6511980.194092, 3342105.695525
612, 6.120000, -3261255.600531, 6573324.778179, 3312069.177648
613, 6.130000, -3237579.272238, 6553836.839221, 3316257.566983
614, 6.140000, -3123166.161220, 6468590.304693, 3345424.143473
615, 6.150000, -3075383.421557, 6427267.836024, 3351884.414468
616, 6.160000, -3121247.092692, 6467643.913290, 3346396.820598
617, 6.170000, -3189462.948352, 6543342.868998, 3353879.920646
618, 6.180000, -3240136.141783, 6598739.057322, 3358602.915539
619, 6.190000, -3262612.324184, 6618523.484241, 3355911.160057
620, 6.200000, -3222094.052068, 6596429.663674, 3374335.611606
621, 6.210000, -3200304.698218, 6588786.482016, 3388481.783799
622, 6.220000, -3214415.386310, 6590280.171728, 3375864.785418
623, 6.230000, -3132666.042576, 6521716.561095, 3389050.518519
624, 6.240000, -2995069.737010, 6401412.765826, 3406343.028817
625, 6.250000, -2882533.783374, 6328600.185706, 3446066.402332
626, 6.260000, -3032417.333578, 6434123.521925, 3401706.188346
627, 6.270000, -3144624.515955, 6544816.615538, 3400192.099584
628, 6.280000, -3138531.073713, 6556175.080787, 3417644.007073
629, 6.290000, -3126974.923165, 6540638.182999, 3413663.259834
630, 6.300000, -3116547.133568, 6535267.185312, 3418720.051744
631, 6.310000, -3091594.415933, 6524196.066142, 3432601.650209
632, 6.320000, -3134692.229869, 6553027.364743, 3418335.134874
633, 6.330000, -3143144.131760, 6540874.338535, 3397730.206775
634, 6.340000, -3020200.626441, 6431546.925102, 3411346.298661
635, 6.350000, -2950064.144878, 6355906.619977, 3405842.475100
636, 6.360000, -2924894.748914, 6326241.451045, 3401346.702132
637, 6.370000, -2894582.709446, 6306757.091768, 3412174.382321
638, 6.380000, -2928858.846831, 6340686.402062, 3411827.555231
639, 6.390000, -2986274.813509, 6387609.717546, 3401334.904037
640, 6.400000, -2989126.742644, 6410991.455149, 3421864.712505
641, 6.410000, -2995294.209011, 6428523.742818, 3433229.533807
642, 6.420000, -3006772.916408, 6452987.202357, 3446214.285949
643, 6.430000, -3075186.682563, 6507550.073264, 3432363.390701
644, 6.440000, -3056209.995330, 6494128.818486, 3437918.823156
645, 6.450000, -2957686.256291, 6417593.638674, 3459907.382382
646, 6.460000, -2926108.024031, 6384156.593092, 3458048.569061
647, 6.470000, -2967399.829084, 6395864.888143, 3428465.059058
648, 6.480000, -2899677.782868, 6342634.094556, 3442956.311688
649, 6.490000, -2870506.836240, 6318406.806913, 3447899.970674
650, 6.500000, -2904562.443658, 6351282.152646, 3446719.708989
651, 6.510000, -2916315.144370, 6363305.701616, 3446990.557246
652, 6.520000, -2917645.769750, 6389767.328026, 3472121.558276
653, 6.530000, -3031099.937459, 6491475.926620, 3460375.989160
654, 6.540000, -3118861.048138, 6574258.535684, 3455397.487546
655, 6.550000, -3079552.923706, 6547343.629816, 3467790.706110
656, 6.560000, -2931828.801927, 6416621.088172, 3484792.286245
657, 6.570000, -2813135.656049, 6304203.463451, 3491067.807402
658, 6.580000, -2833235.027492, 6320633.812057, 3487398.784565
659, 6.590000, -2919888.873114, 6386746.558730, 3466857.685616
660, 6.600000, -2933396.324387, 6387007.559871, 3453611.235484
661, 6.610000, -2862487.060874, 6321629.812724, 3459142.751850
662, 6.620000, -2771384.003151, 6233524.097792, 3462140.094641
663, 6.630000, -2723409.454791, 6183265.579448, 3459856.124657
664, 6.640000, -2749140.583900, 6206751.250177, 3457610.666277
665, 6.650000, -2830622.169138, 6271208.011591, 3440585.842453
666, 6.660000, -2791583.204684, 6275747.020678, 3484163.815994
667, 6.670000, -2847496.092761, 6329216.653234, 3481720.560474
668, 6.680000, -2903682.860492, 6380153.454563, 3476470.594071
669, 6.690000, -2894678.976898, 6396165.512553, 3501486.535655
670, 6.700000, -2941271.019151, 6434822.331141, 3493551.311990
671, 6.710000, -2927786.081722, 6419315.144215, 3491529.062493
672, 6.720000, -2869670.596883, 6372245.837227, 3502575.240343
673, 6.730000, -2870708.973404, 6372443.938724, 3501734.965321
674, 6.740000, -2888792.037650, 6363906.668390, 3475114.630740
675, 6.750000, -2781307.980186, 6279860.163127, 3498552.182941
676, 6.760000, -2739309.792539, 6238337.811208, 3499028.018669
677, 6.770000, -2769360.089153, 6258089.621310, 3488729.532158
678, 6.780000, -2758118.335408, 6249827.195801, 3491708.860392
679, 6.790000, -2749422.927300, 6245660.894967, 3496237.967668
680, 6.800000, -2740563.989934, 6238848.025631, 3498284.035697
681, 6.810000, -2769615.910158, 6254440.951874, 3484825.041717
682, 6.820000, -2783679.608821, 6262888.331933, 3479208.723112
683, 6.830000, -2728857.711158, 6217538.861004, 3488681.149846
684, 6.840000, -2675430.703647, 6169559.850421, 3494129.146774
685, 6.850000, -2633067.275128, 6127341.138846, 3494273.863719
686, 6.860000, -2620397.395964, 6130223.581442, 3509826.185479
687, 6.870000, -2722074.002442, 6234736.775967, 3512662.773525
688, 6.880000, -2853908.470046, 6353084.527922, 3499176.057876
689, 6.890000, -2899736.030824, 6418920.684281, 3519184.653457
690, 6.900000, -2942213.601407, 6449673.070936, 3507459.469529
691, 6.910000, -2878476.616312, 6396002.310558, 3517525.694245
692, 6.920000, -2745286.296637, 6272437.098408, 3527150.801770
693, 6.930000, -2647075.650163, 6180397.563242, 3533321.913079
694, 6.940000, -2640405.317567, 6177200.406530, 3536795.088963
695, 6.950000, -2712147.122329, 6246269.885522, 3534122.763192
696, 6.960000, -2798315.992179, 6333271.263001, 3534955.270821
697, 6.970000, -2835850.855581, 6393600.056671, 3557749.201089
698, 6.980000, -2953708.209057, 6501580.947006, 3547872.737948
699, 6.990000, -3058874.453133, 6599560.102090, 3540685.648957
700, 7.000000, -3035724.946608, 6578749.908577, 3543024.961969
701, 7.010000, -2839040.830373, 6408914.019912, 3569873.189540
702, 7.020000, -2732745.852066, 6300666.276796, 3567920.424730
703, 7.030000, -2698565.497132, 6258348.862380, 3559783.365248
704, 7.040000, -2696242.708625, 6250699.467644, 3554456.759019
705, 7.050000, -2765554.666375, 6293525.791648, 3527971.125274
706, 7.060000, -2752271.655053, 6293688.283799, 3541416.628746
707, 7.070000, -2716148.988663, 6267506.883209, 3551357.894546
708, 7.080000, -2714840.029168, 6261800.562858, 3546960.533690
709, 7.090000, -2660593.693548, 6200899.049109, 3540305.355560
710, 7.100000, -2524636.843440, 6079828.955008, 3555192.111568
711, 7.110000, -2519882.043386, 6053367.638412, 3533485.595026
712, 7.120000, -2544907.491045, 6077096.233957, 3532188.742912
713, 7.130000, -2524686.834608, 6082527.916334, 3557841.081726
714, 7.140000, -2562101.258536, 6127185.468664, 3565084.210128
715, 7.150000, -2657563.653670, 6210599.305674, 3553035.652004
716, 7.160000, -2724986.234600, 6298323.681721, 3573337.447121
717, 7.170000, -2824544.775864, 6402715.191821, 3578170.415957
718, 7.180000, -2890124.020203, 6453896.770400, 3563772.750197
719, 7.190000, -2823551.160376, 6413437.696333, 3589886.535957
720, 7.200000, -2750732.448010, 6355077.416690, 3604344.968680
721, 7.210000, -2761888.700053, 6350041.510718, 3588152.810665
722, 7.220000, -2746625.680672, 6326423.217598, 3579797.536926
723, 7.230000, -2646077.092154, 6249164.124361, 3603087.032207
724, 7.240000, -2613106.001535, 6220677.225764, 3607571.224229
725, 7.250000, -2679083.591909, 6246961.849994, 3567878.258085
726, 7.260000, -2628546.040664, 6218006.490726, 3589460.450062
727, 7.270000, -2605063.271687, 6208665.658182, 3603602.386495
728, 7.280000, -2629249.074900, 6224795.662271, 3595546.587370
729, 7.290000, -2629423.571941, 6238683.964039, 3609260.392099
730, 7.300000, -2691900.182457, 6296476.068060, 3604575.885604
731, 7.310000, -2763209.493650, 6369837.801370, 3606628.307720
732, 7.320000, -2779013.077536, 6400831.254173, 3621818.176637
733, 7.330000, -2739789.921895, 6385359.379661, 3645569.457766
734, 7.340000, -2742463.160424, 6381291.474246, 3638828.313822
735, 7.350000, -2711432.020547, 6355930.574502, 3644498.553955
736, 7.360000, -2716750.926780, 6353821.814699, 3637070.887920
737, 7.370000, -2749191.808366, 6354306.931148, 3605115.122781
738, 7.380000, -2666565.447407, 6264946.629249, 3598381.181841
739, 7.390000, -2547637.078544, 6141361.627448, 3593724.548905
740, 7.400000, -2454831.282245, 6037451.655213, 3582620.372968
741, 7.410000, -2384722.648747, 5968974.661770, 3584252.013023
742, 7.420000, -2390075.412663, 5966888.121599, 3576812.708936
743, 7.430000, -2443952.658227, 6018410.234593, 3574457.576366
744, 7.440000, -2497898.803951, 6073112.106484, 3575213.302532
745, 7.450000, -2525632.285229, 6104264.935207, 3578632.649978
746, 7.460000, -2472181.927688, 6093065.641942, 3620883.714253
747, 7.470000, -2485006.156456, 6120727.872664, 3635721.716208
748, 7.480000, -2556869.292977, 6191259.619780, 3634390.326804
749, 7.490000, -2645084.095776, 6292802.188340, 3647718.092564
750, 7.500000, -2742977.277431, 6388472.279014, 3645495.001583
751, 7.510000, -2738001.604790, 6408782.291529, 3670780.686739
752, 7.520000, -2674897.440131, 6369648.371982, 3694750.931851
753, 7.530000, -2628745.913470, 6318810.370985, 3690064.457515
754, 7.540000, -2584556.617538, 6269721.454606, 3685164.837069
755, 7.550000, -2538839.297328, 6227281.481550, 3688442.184222
756, 7.560000, -2497420.032907, 6184338.261495, 3686918.228588
757, 7.570000, -2508722.686557, 6182017.812306, 3673295.125748
758, 7.580000, -2569911.954600, 6217204.112655, 3647292.158055
759, 7.590000, -2589401.817283, 6249172.585325, 3659770.768042
760, 7.600000, -2617435.181376, 6273870.921079, 3656435.739704
761, 7.610000, -2589848.970461, 6263197.942159, 3673348.971699
762, 7.620000, -2597991.937128, 6277295.532058, 3679303.594930
763, 7.630000, -2637500.023816, 6301385.905709, 3663885.881893
764, 7.640000, -2557091.005821, 6215556.408140, 3658465.402318
765, 7.650000, -2366333.047227, 6030023.743913, 3663690.696686
766, 7.660000, -2198476.146107, 5874423.531426, 3675947.385319
767, 7.670000, -2207635.064743, 5866672.514372, 3659037.449629
768, 7.680000, -2298317.437414, 5949056.236655, 3650738.799241
769, 7.690000, -2354418.035815, 6011407.840914, 3656989.805100
770, 7.700000, -2387936.367252, 6056248.057470, 3668311.690219
771, 7.710000, -2432222.160139, 6101377.637973, 3669155.477834
772, 7.720000, -2456461.189012, 6126066.423773, 3669605.234761
773, 7.730000, -2459998.599526, 6130145.140732, 3670146.541206
774, 7.740000, -2439709.084022, 6115879.027415, 3676169.943394
775, 7.750000, -2378922.738100, 6073458.866423, 3694536.128324
776, 7.760000, -2363550.778250, 6075531.762058, 3711980.983808
777, 7.770000, -2436633.519491, 6144178.639486, 3707545.119994
778, 7.780000, -2478547.936710, 6185687.424344, 3707139.487634
779, 7.790000, -2479806.306591, 6177588.715875, 3697782.409284
780, 7.800000, -2400964.685800, 6117819.643446, 3716854.957645
781, 7.810000, -2323098.561774, 6053204.546042, 3730105.984268
782, 7.820000, -2357933.711170, 6055159.986631, 3697226.275461
783, 7.830000, -2320972.733064, 6016807.790497, 3695835.057433
784, 7.840000, -2246219.630780, 5959155.020404, 3712935.389624
785, 7.850000, -2235817.012915, 5950467.392950, 3714650.380036
786, 7.860000, -2268513.418935, 5985010.263289, 3716496.844354
787, 7.870000, -2306817.071599, 6044002.570315, 3737185.498716
788, 7.880000, -2404686.891327, 6133092.735599, 3728405.844271
789, 7.890000, -2496036.598812, 6214356.634317, 3718320.035505
790, 7.900000, -2511273.678891, 6219073.634237, 3707799.955346
791, 7.910000, -2423988.814445, 6128892.455326, 3704903.640881
792, 7.920000, -2288368.423620, 6006001.316429, 3717632.892809
793, 7.930000, -2216018.336867, 5928126.638591, 3712108.301724
794, 7.940000, -2209552.548582, 5902256.851957, 3692704.303375
795, 7.950000, -2208099.374014, 5893056.358098, 3684956.984084
796, 7.960000, -2185352.154600, 5871989.250877, 3686637.096277
797, 7.970000, -2161456.994506, 5853763.401060, 3692306.406554
798, 7.980000, -2204416.926850, 5893444.600500, 3689027.673650
799, 7.990000, -2245111.093507, 5965256.908212, 3720145.814704
800, 8.000000, -2332491.481491, 6056848.716918, 3724357.235427
801, 8.010000, -2392955.711189, 6125030.415948, 3732074.704759
802, 8.020000, -2357752.792870, 6109368.480257, 3751615.687387
803, 8.030000, -2320907.535954, 6081218.397891, 3760310.861937
804, 8.040000, -2317089.549978, 6081808.140886, 3764718.590908
805, 8.050000, -2350747.994211, 6112872.728855, 3762124.734644
806, 8.060000, -2420735.471476, 6159903.114117, 3739167.642641
807, 8.070000, -2404835.398713, 6140636.643664, 3735801.244952
808, 8.080000, -2288346.373313, 6039196.712618, 3750850.339305
809, 8.090000, -2169722.561641, 5928815.358459, 3759092.796818
810, 8.100000, -2147064.583651, 5893408.429302, 3746343.845650
811, 8.110000, -2169958.687400, 5900974.826761, 3731016.139361
812, 8.120000, -2158366.789168, 5888957.313949, 3730590.524780
813, 8.130000, -2110935.695131, 5853616.630312, 3742680.935181
814, 8.140000, -2103290.688549, 5846832.624608, 3743541.936059
815, 8.150000, -2138677.621956, 5880364.081120, 3741686.459164
816, 8.160000, -2201525.812184, 5947690.346556, 3746164.534372
817, 8.170000, -2264367.383837, 6007486.232373, 3743118.848536
818, 8.180000, -2276976.387312, 6025375.038990, 3748398.651678
819, 8.190000, -2224053.515517, 5974259.208930, 3750205.693413
820, 8.200000, -2121978.445547, 5880858.551034, 3758880.105487
821, 8.210000, -2071912.500542, 5826608.467952, 3754695.967410
822, 8.220000, -2048040.725914, 5815128.468177, 3767087.742263
823, 8.230000, -2087955.094991, 5850031.016504, 3762075.921513
824, 8.240000, -2136243.407163, 5908161.383069, 3771917.975906
825, 8.250000, -2210907.398922, 5968386.568865, 3757479.169943
826, 8.260000, -2187172.294070, 5975553.048313, 3788380.754242
827, 8.270000, -2169250.836936, 5973569.724351, 3804318.887415
828, 8.280000, -2194539.760915, 5987729.513203, 3793189.752288
829, 8.290000, -2182080.625203, 5980150.201862, 3798069.576659
830, 8.300000, -2137692.149464, 5942875.346256, 3805183.196792
831, 8.310000, -2125022.786135, 5920545.676487, 3795522.890352
832, 8.320000, -2108800.154695, 5903969.644409, 3795169.489714
833, 8.330000, -2140045.007638, 5929601.571375, 3789556.563736
834, 8.340000, -2154392.662746, 5941335.519561, 3786942.856815
835, 8.350000, -2099637.897278, 5911204.352792, 3811566.455513
836, 8.360000, -2136682.831545, 5940588.003072, 3803905.171527
837, 8.370000, -2219469.558557, 6008427.693033, 3788958.134476
838, 8.380000, -2232609.236272, 6014121.130244, 3781511.893972
839, 8.390000, -2135996.188932, 5945039.658095, 3809043.469163
840, 8.400000, -2085103.986123, 5894768.639479, 3809664.653356
841, 8.410000, -2099220.846530, 5887435.275777, 3788214.429246
842, 8.420000, -2107935.523169, 5882102.605552, 3774167.082382
843, 8.430000, -2092471.196692, 5858089.640713, 3765618.444022
844, 8.440000, -2025293.131406, 5788098.263906, 3762805.132501
845, 8.450000, -1931641.465413, 5698315.028071, 3766673.562658
846, 8.460000, -1875339.134067, 5655680.009640, 3780340.875573
847, 8.470000, -1926070.607846, 5709224.421780, 3783153.813934
848, 8.480000, -2048799.331495, 5825451.645047, 3776652.313552
849, 8.490000, -2156270.568044, 5928828.510730, 377